carrier_id,start_date,end_date,product_name,deductible_indiv,coinsurance,plan_pdf_file_name,dr_visit_copay,rx_copay,oop_max_indiv,specialist_visits_copay,er_copay,urgent_care_copay,outpatient_diagnostic_lab,in_patient_hospital,outpatient_surgery,rx_mail_copay,deductible_family,oon_deductible_individual,oon_deductible_family,oop_max_family,oon_oop_max_individual,oon_oop_max_family,outpatient_diagnostic_x_ray,outpatient_complex_imaging,physical_occupational_therapy,states,group_rating_areas,zero_eighteen,nineteen_twenty,twenty_one,twenty_two,twenty_three,twenty_four,twenty_five,twenty_six,twenty_seven,twenty_eight,twenty_nine,thirty,thirty_one,thirty_two,thirty_three,thirty_four,thirty_five,thirty_six,thirty_seven,thirty_eight,thirty_nine,forty,forty_one,forty_two,forty_three,forty_four,forty_five,forty_six,forty_seven,forty_eight,forty_nine,fifty,fifty_one,fifty_two,fifty_three,fifty_four,fifty_five,fifty_six,fifty_seven,fifty_eight,fifty_nine,sixty,sixty_one,sixty_two,sixty_three,sixty_four,sixty_five_plus
12,2017-07-01 00:00:00 UTC,2017-09-30 00:00:00 UTC,"PPO Gold HRA-25 $2,900/100% ",2900,100%,SoldBenefits-HI-PPO-Gold_HRA-25__2900_100_-.pdf,100% after deductible,$7 after ded/$50 after ded/$100 after ded,6550,100% after deductible,100% after deductible,100% after deductible,"Independent lab: 100% after deductibleFacility-owned lab: 100% after deductible","100% after deductible","Independent lab: 100% after deductibleFacility-owned lab: 100% after deductible",$14 after ded/$100 after ded/$200 after ded,5800,10000,20000,13100,20000,40000,"Independent lab: 100% after deductibleFacility-owned lab: 100% after deductible","Independent lab: 100% after deductibleFacility-owned lab: 100% after deductible",100% after deductible,PA,"8 - Chester, Delaware, Montgomery, Bucks, Philadelphia",251.28,251.28,395.72,395.72,395.72,395.72,397.3,405.22,414.71,430.15,442.81,449.14,458.64,468.14,474.07,480.4,483.57,486.74,489.9,493.07,499.4,505.73,515.23,524.33,536.99,552.82,571.42,593.58,618.51,647,675.1,706.76,738.02,772.44,807.27,844.86,882.45,923.21,964.37,1008.29,1030.06,1073.98,1111.97,1136.9,1168.16,1187.16,1187.16
12,2017-07-01 00:00:00 UTC,2017-09-30 00:00:00 UTC,"PPO Platinum HRA-50 $1,850/100% ",1850,100%,SoldBenefits-HI-PPO-Platinum_HRA-50__1850_100_-.pdf,100% after deductible,$7 after ded/$50 after ded/$100 after ded,6550,100% after deductible,100% after deductible,100% after deductible,"Independent lab: 100% after deductibleFacility-owned lab: 100% after deductible","100% after deductible","Independent lab: 100% after deductibleFacility-owned lab: 100% after deductible",$14 after ded/$100 after ded/$200 after ded,3700,10000,20000,13100,20000,40000,"Independent lab: 100% after deductibleFacility-owned lab: 100% after deductible","Independent lab: 100% after deductibleFacility-owned lab: 100% after deductible",100% after deductible,PA,"8 - Chester, Delaware, Montgomery, Bucks, Philadelphia",284.89,284.89,448.65,448.65,448.65,448.65,450.44,459.42,470.18,487.68,502.04,509.22,519.99,530.75,537.48,544.66,548.25,551.84,555.43,559.02,566.2,573.37,584.14,594.46,608.82,626.76,647.85,672.97,701.24,733.54,765.4,801.29,836.73,875.76,915.25,957.87,1000.49,1046.7,1093.36,1143.16,1167.84,1217.64,1260.71,1288.97,1324.41,1345.95,1345.95
12,2017-07-01 00:00:00 UTC,2017-09-30 00:00:00 UTC,"DPOS Bronze Essential $6,850/$50/$100/$700",6850,50%,SoldBenefits-HI-KDPOS-Bronze_Essential__6850__50_100_700-.pdf,$50 ,$15 after ded/50% up to $500 per Rx after ded/50% up to $500 max per Rx after ded,7150,$100 ,$500 after deductible,$150 after deductible,"Independent lab: no chargeFacility-owned lab: no charge","$700/day ($3500 max) after deductible; copay waived if readmitted within 10 days of discharge for any condition","Independent lab: $750 after deductibleFacility-owned lab: $750 after deductible",$30 after ded/50% up to $1000 per Rx after ded/50% up to $1000 max per Rx after ded,13700,10000,20000,14300,40000,80000,"Independent lab: $100Facility-owned lab: $100","Independent lab: $250Facility-owned lab: $250",$80 ,PA,8,154.48,154.48,243.28,243.28,243.28,243.28,244.25,249.12,254.96,264.45,272.23,276.12,281.96,287.8,291.45,295.34,297.29,299.24,301.18,303.13,307.02,310.91,316.75,322.35,330.13,339.86,351.3,364.92,380.25,397.77,415.04,434.5,453.72,474.89,496.29,519.41,542.52,567.58,592.88,619.88,633.26,660.27,683.62,698.95,718.17,729.84,729.84
12,2017-07-01 00:00:00 UTC,2017-09-30 00:00:00 UTC,"DPOS Gold Classic $1,000/$25/$50/90% ",1000,90%,DPOS_Gold_Classic__1_000__25__50_90_.pdf,$25 ,$7/$50/$150,5500,$50 ,90% after deductible,90% after deductible,"Independent lab: no chargeFacility-owned lab: no charge","90% after deductible","Independent lab: 90% after deductibleFacility-owned lab: 70% after deductible",$14/$100/$300,2000,7500,15000,11000,25000,50000,"Independent lab: $40Facility-owned lab: $40","Independent lab: $80Facility-owned lab: $80",$50 ,PA,8,253.94,253.94,399.91,399.91,399.91,399.91,401.51,409.51,419.1,434.7,447.5,453.9,463.49,473.09,479.09,485.49,488.69,491.89,495.09,498.29,504.69,511.08,520.68,529.88,542.68,558.67,577.47,599.86,625.06,653.85,682.24,714.24,745.83,780.62,815.81,853.81,891.8,932.99,974.58,1018.97,1040.96,1085.35,1123.74,1148.94,1180.53,1199.73,1199.73
12,2017-07-01 00:00:00 UTC,2017-09-30 00:00:00 UTC,"DPOS Gold Classic $2,000/$40/$80/100% ",2000,100%,DPOS_Gold_Classic__2_000__40__80_100_.pdf,$40 ,$7/$50/$150,3500,$80 ,$300 ,$125 ,"Independent lab: no chargeFacility-owned lab: no charge","no charge after deductible","Independent lab: no charge after deductibleFacility-owned lab: 80% after deductible",$14/$100/$300,4000,7500,15000,7000,25000,50000,"Independent lab: $60Facility-owned lab: $60","Independent lab: $120Facility-owned lab: $120",$80 ,PA,8,249.87,249.87,393.5,393.5,393.5,393.5,395.07,402.94,412.38,427.73,440.32,446.62,456.06,465.51,471.41,477.7,480.85,484,487.15,490.3,496.59,502.89,512.33,521.38,533.97,549.71,568.21,590.24,615.03,643.37,671.3,702.78,733.87,768.1,802.73,840.11,877.49,918.02,958.95,1002.63,1024.27,1067.95,1105.72,1130.51,1161.6,1180.49,1180.49
12,2017-07-01 00:00:00 UTC,2017-09-30 00:00:00 UTC,DPOS Gold Preferred $30/$60/$650 ,0,n/a,DPOS_Gold_Preferred__30__60__650.pdf,$30 ,$7/$50/$150,7150,$60 ,$450 ,$125 ,"Independent lab: no chargeFacility-owned lab: no charge","$650/day ($3250 max); copay waived if readmitted within 10 days of discharge for any condition","Independent lab: $400Facility-owned lab: $750",$14/$100/$300,0,5000,10000,14300,15000,30000,"Independent lab: $60Facility-owned lab: $60","Independent lab: $250Facility-owned lab: $250",$60 ,PA,8,246.74,246.74,388.57,388.57,388.57,388.57,390.13,397.9,407.23,422.38,434.81,441.03,450.36,459.68,465.51,471.73,474.84,477.95,481.05,484.16,490.38,496.6,505.92,514.86,527.29,542.84,561.1,582.86,607.34,635.32,662.91,693.99,724.69,758.5,792.69,829.6,866.52,906.54,946.95,990.09,1011.46,1054.59,1091.89,1116.37,1147.07,1165.71,1165.71
12,2017-07-01 00:00:00 UTC,2017-09-30 00:00:00 UTC,DPOS Platinum Preferred $10/$20/$100 ,0,n/a,DPOS_Platinum_Preferred__10__20__100_.pdf,$10 ,$7/$40/$70,3000,$20 ,$125 ,$75 ,"Independent lab: no chargeFacility-owned lab: no charge","$100/day ($500 max); copay waived if readmitted within 10 days of discharge for any condition","Independent lab: $25Facility-owned lab: $125",$14/$80/$140,0,2000,4000,6000,5000,10000,"Independent lab: $20Facility-owned lab: $20","Independent lab: $40Facility-owned lab: $40",$20 ,PA,8,313.39,313.39,493.53,493.53,493.53,493.53,495.51,505.38,517.22,536.47,552.26,560.16,572,583.85,591.25,599.15,603.1,607.05,610.99,614.94,622.84,630.73,642.58,653.93,669.72,689.47,712.66,740.3,771.39,806.93,841.97,881.45,920.44,963.38,1006.81,1053.69,1100.58,1151.41,1202.74,1257.52,1284.67,1339.45,1386.83,1417.92,1456.91,1480.59,1480.59
12,2017-07-01 00:00:00 UTC,2017-09-30 00:00:00 UTC,DPOS Platinum Preferred $20/$40/$150 ,0,n/a,DPOS_Platinum_Preferred__20__40__150.pdf,$20 ,$7/$45/$75,4000,$40 ,$125 ,$75 ,"Independent lab: no chargeFacility-owned lab: no charge","$150/day ($750 max); copay waived if readmitted within 10 days of discharge for any condition","Independent lab: $45Facility-owned lab: $185",$14/$90/$150,0,2000,4000,8000,5000,10000,"Independent lab: $30Facility-owned lab: $30","Independent lab: $60Facility-owned lab: $60",$40 ,PA,8,299.6,299.6,471.81,471.81,471.81,471.81,473.7,483.13,494.46,512.86,527.95,535.5,546.83,558.15,565.23,572.78,576.55,580.33,584.1,587.87,595.42,602.97,614.3,625.15,640.24,659.12,681.29,707.71,737.44,771.41,804.91,842.65,879.92,920.97,962.49,1007.31,1052.13,1100.73,1149.8,1202.17,1228.12,1280.49,1325.78,1355.51,1392.78,1415.43,1415.43
12,2017-07-01 00:00:00 UTC,2017-09-30 00:00:00 UTC,"DPOS Silver Classic $2,500/$25/$50/70% ",2500,70%,DPOS_Silver_Classic__2_500__25__50_70_.pdf,$25 ,$7/50% up to $125 max per Rx/50% up to $250 max per Rx,7150,$50 ,70% after deductible,70% after deductible,"Independent lab: no chargeFacility-owned lab: no charge","70% after deductible","Independent lab: 70% after deductibleFacility-owned lab: 50% after deductible",$14/50% up to $250 max per Rx/50% up to $500 max per Rx,5000,7500,15000,14300,25000,50000,"Independent lab: $60Facility-owned lab: $60","Independent lab: $120Facility-owned lab: $120",$50 ,PA,8,218.21,218.21,343.63,343.63,343.63,343.63,345.01,351.88,360.13,373.53,384.53,390.03,398.27,406.52,411.67,417.17,419.92,422.67,425.42,428.17,433.67,439.17,447.41,455.32,466.31,480.06,496.21,515.45,537.1,561.84,586.24,613.73,640.88,670.78,701.01,733.66,766.31,801.7,837.44,875.58,894.48,932.62,965.61,987.26,1014.41,1030.89,1030.89
12,2017-07-01 00:00:00 UTC,2017-09-30 00:00:00 UTC,"DPOS Silver Classic $2,750/$30/$60/50% ",2750,50%,DPOS_Silver_Classic__2_750__30__60_50_.pdf,$30 ,$7/50% up to $125 max per Rx/50% up to $250 max per Rx,7150,$60 ,50% after deductible,50% after deductible,"Independent lab: no chargeFacility-owned lab: no charge","50% after deductible","Independent lab: 50% after deductibleFacility-owned lab: 50% after deductible",$14/50% up to $250 max per Rx/50% up to $500 max per Rx,5500,7500,15000,14300,25000,50000,"Independent lab: $60Facility-owned lab: $60","Independent lab: $250Facility-owned lab: $250",$60 ,PA,8,207.47,207.47,326.72,326.72,326.72,326.72,328.03,334.57,342.41,355.15,365.6,370.83,378.67,386.51,391.42,396.64,399.26,401.87,404.48,407.1,412.33,417.55,425.39,432.91,443.36,456.43,471.79,490.09,510.67,534.19,557.39,583.53,609.34,637.77,666.52,697.56,728.59,762.25,796.23,832.49,850.46,886.73,918.09,938.68,964.49,980.16,980.16
12,2017-07-01 00:00:00 UTC,2017-09-30 00:00:00 UTC,"DPOS Silver Classic $4,250/$40/$80/100% ",4250,100%,DPOS_Silver_Classic__4_250__40__80_100_.pdf,$40 ,$7/$60/$150,7150,$80 ,$300 ,$125 ,"Independent lab: no chargeFacility-owned lab: no charge","no charge after deductible","Independent lab: no charge after deductibleFacility-owned lab: 80% after deductible",$14/$120/$300,8500,7500,15000,14300,25000,50000,"Independent lab: $60Facility-owned lab: $60","Independent lab: $250Facility-owned lab: $250",$80 ,PA,8,211.02,211.02,332.31,332.31,332.31,332.31,333.64,340.29,348.26,361.22,371.86,377.17,385.15,393.12,398.11,403.42,406.08,408.74,411.4,414.06,419.38,424.69,432.67,440.31,450.94,464.24,479.86,498.47,519.4,543.33,566.92,593.51,619.76,648.67,677.91,709.48,741.05,775.28,809.84,846.73,865,901.89,933.79,954.73,980.98,996.93,996.93
12,2017-07-01 00:00:00 UTC,2017-09-30 00:00:00 UTC,"DPOS Silver Secure $3,500/$40/$80/$600 ",3500,100%,DPOS_Silver_Secure__3_500__40__80__600.pdf,$40 ,$7/$60/$150,7150,$80 ,$300 after deductible,$125 after deductible,"Independent lab: no chargeFacility-owned lab: no charge","$600/day ($3000 max); copay waived if readmitted within 10 days of discharge for any condition","Independent lab: $600 after deductibleFacility-owned lab: $600 after deductible",$14/$120/$300,7000,7500,15000,14300,25000,50000,"Independent lab: $60Facility-owned lab: $60","Independent lab: $250Facility-owned lab: $250",$80 ,PA,8,199.22,199.22,313.73,313.73,313.73,313.73,314.99,321.26,328.79,341.03,351.07,356.09,363.62,371.15,375.85,380.87,383.38,385.89,388.4,390.91,395.93,400.95,408.48,415.7,425.74,438.29,453.03,470.6,490.37,512.95,535.23,560.33,585.11,612.41,640.02,669.82,699.63,731.94,764.57,799.39,816.65,851.47,881.59,901.36,926.14,941.19,941.19
12,2017-07-01 00:00:00 UTC,2017-09-30 00:00:00 UTC,"HMO Bronze Essential $6,850/$50/$100/$700",6850,50%,SoldBenefits-HI-KHMO-Bronze_Essential__6850__50_100_700-.pdf,$50 ,$15 after ded/50% up to $500 per Rx after ded/50% up to $500 max per Rx after ded,7150,$100 ,$500 after deductible,$150 after deductible,"Independent lab: no chargeFacility-owned lab: no charge","$700/day ($3500 max) after deductible","Independent lab: $750 after deductibleFacility-owned lab: $750 after deductible",$30 after ded/50% up to $1000 per Rx after ded/50% up to $1000 max per Rx after ded,13700,n/a,n/a,14300,n/a,n/a,"Independent lab: $100Facility-owned lab: $100","Independent lab: $250Facility-owned lab: $250",$80 ,PA,8,148.07,148.07,233.19,233.19,233.19,233.19,234.12,238.78,244.38,253.48,260.94,264.67,270.26,275.86,279.36,283.09,284.96,286.82,288.69,290.55,294.28,298.01,303.61,308.97,316.44,325.76,336.72,349.78,364.47,381.26,397.82,416.47,434.9,455.18,475.7,497.86,520.01,544.03,568.28,594.16,606.99,632.87,655.26,669.95,688.37,699.56,699.56
12,2017-07-01 00:00:00 UTC,2017-09-30 00:00:00 UTC,"HMO Gold Classic $1,000/$25/$50/90% ",1000,90%,HMO_Gold_Classic__1_000__25__50_90_.pdf,$25 ,$7/$50/$150,5500,$50 ,90% after deductible,90% after deductible,"Independent lab: no chargeFacility-owned lab: no charge","90% after deductible","Independent lab: 90% after deductibleFacility-owned lab: 70% after deductible",$14/$100/$300,2000,n/a,n/a,11000,n/a,n/a,"Independent lab: $40Facility-owned lab: $40","Independent lab: $80Facility-owned lab: $80",$50 ,PA,8,243.89,243.89,384.08,384.08,384.08,384.08,385.61,393.29,402.51,417.49,429.78,435.93,445.14,454.36,460.12,466.27,469.34,472.41,475.49,478.56,484.7,490.85,500.07,508.9,521.19,536.55,554.61,576.11,600.31,627.97,655.23,685.96,716.3,749.72,783.52,820,856.49,896.05,935.99,978.63,999.75,1042.38,1079.25,1103.45,1133.79,1152.23,1152.23
12,2017-07-01 00:00:00 UTC,2017-09-30 00:00:00 UTC,"HMO Gold Classic $2,000/$40/$80/100% ",2000,100%,HMO_Gold_Classic__2_000__40__80_100_.pdf,$40 ,$7/$50/$150,3500,$40 ,$300 ,$125 ,"Independent lab: no chargeFacility-owned lab: no charge","no charge after deductible","Independent lab: no charge after deductibleFacility-owned lab: 80% after deductible",$14/$100/$300,4000,n/a,n/a,7000,n/a,n/a,"Independent lab: $60Facility-owned lab: $60","Independent lab: $120Facility-owned lab: $120",$80 ,PA,8,242.69,242.69,382.19,382.19,382.19,382.19,383.72,391.37,400.54,415.44,427.67,433.79,442.96,452.13,457.87,463.98,467.04,470.1,473.15,476.21,482.33,488.44,497.61,506.41,518.64,533.92,551.89,573.29,597.37,624.89,652.02,682.6,712.79,746.04,779.67,815.98,852.29,891.66,931.4,973.83,994.85,1037.27,1073.96,1098.04,1128.23,1146.57,1146.57
12,2017-07-01 00:00:00 UTC,2017-09-30 00:00:00 UTC,HMO Gold Preferred $30/$60/$650 ,0,n/a,HMO_Gold_Preferred__30__60__650.pdf,$30 ,$7/$50/$150,7150,$60 ,$450 ,$125 ,"Independent lab: no chargeFacility-owned lab: no charge","$650/day ($3250 max)","Independent lab: $400Facility-owned lab: $750",$14/$100/$300,0,n/a,n/a,14300,n/a,n/a,"Independent lab: $60Facility-owned lab: $60","Independent lab: $250Facility-owned lab: $250",$60 ,PA,8,236.22,236.22,372,372,372,372,373.49,380.93,389.86,404.36,416.27,422.22,431.15,440.08,445.66,451.61,454.58,457.56,460.54,463.51,469.46,475.42,484.34,492.9,504.8,519.68,537.17,558,581.44,608.22,634.63,664.39,693.78,726.15,758.88,794.22,829.56,867.88,906.57,947.86,968.32,1009.61,1045.32,1068.76,1098.15,1116,1116
12,2017-07-01 00:00:00 UTC,2017-09-30 00:00:00 UTC,HMO Gold Proactive,0,"N/A (preferred)80% (enhanced)70% (standard)",HMO_Gold_Proactive.pdf,"$15 (preferred)$30 (enhanced)$45 (standard)",$15/50% up to $200 max per Rx/50% up to $300 max per Rx,7150,"$40 (preferred)$60 (enhanced)$80 (standard)",$400 ,$100 ,"Independent lab: no chargeFacility-owned lab: no charge","$350/day ($1750 max); copay waived if readmitted within 10 days of discharge for any condition (preferred)$700/day ($3500 max); copay waived if readmitted within 10 days of discharge for any condition (enhanced)$1100/day ($5500 max); copay waived if readmitted within 10 days of discharge for any condition (standard)","Independent lab: $150 (preferred)Facility-owned lab: $150 (preferred)Independent lab: $550 (enhanced)Facility-owned lab: $550 (enhanced)Independent lab: $1000 (standard)Facility-owned lab: $1000 (standard)",$30/50% up to $400 max per Rx/50% up to $600 max per Rx,0,n/a,n/a,14300,n/a,n/a,"Independent lab: $60Facility-owned lab: $60","Independent lab: $120Facility-owned lab: $120",$60 ,PA,8,211.27,211.27,332.7,332.7,332.7,332.7,334.03,340.69,348.67,361.65,372.29,377.62,385.6,393.59,398.58,403.9,406.56,409.22,411.89,414.55,419.87,425.19,433.18,440.83,451.48,464.79,480.42,499.05,520.01,543.97,567.59,594.21,620.49,649.43,678.71,710.32,741.93,776.19,810.8,847.73,866.02,902.95,934.89,955.85,982.14,998.1,998.1
12,2017-07-01 00:00:00 UTC,2017-09-30 00:00:00 UTC,HMO Platinum Preferred $10/$20/$100 ,0,n/a,HMO_Platinum_Preferred__10__20__100.pdf,$10 ,$7/$40/$70,3000,$20 ,$125 ,$75 ,"Independent lab: no chargeFacility-owned lab: no charge","$100/day ($500 max); copay waived if readmitted within 10 days of discharge for any condition","Independent lab: $25Facility-owned lab: $125",$14/$80/$140,0,n/a,n/a,6000,n/a,n/a,"Independent lab: $20Facility-owned lab: $20","Independent lab: $40Facility-owned lab: $40",$20 ,PA,8,299.54,299.54,471.71,471.71,471.71,471.71,473.6,483.03,494.35,512.75,527.84,535.39,546.71,558.03,565.11,572.66,576.43,580.2,583.98,587.75,595.3,602.85,614.17,625.02,640.11,658.98,681.15,707.57,737.28,771.25,804.74,842.48,879.74,920.78,962.29,1007.1,1051.92,1100.5,1149.56,1201.92,1227.86,1280.22,1325.51,1355.23,1392.49,1415.13,1415.13
12,2017-07-01 00:00:00 UTC,2017-09-30 00:00:00 UTC,HMO Platinum Preferred $20/$40/$150 ,0,n/a,HMO_Platinum_Preferred__20__40__150_.pdf,$20 ,$7/$45/$75,4000,$40 ,$125 ,$75 ,"Independent lab: no chargeFacility-owned lab: no charge","$150/day ($750 max)","Independent lab: $45Facility-owned lab: $185",$14/$90/$150,0,n/a,n/a,8000,n/a,n/a,"Independent lab: $30Facility-owned lab: $30","Independent lab: $60Facility-owned lab: $60",$40 ,PA,8,286.35,286.35,450.95,450.95,450.95,450.95,452.75,461.77,472.59,490.18,504.61,511.82,522.65,533.47,540.23,547.45,551.06,554.66,558.27,561.88,569.09,576.31,587.13,597.5,611.93,629.97,651.17,676.42,704.83,737.3,769.31,805.39,841.01,880.25,919.93,962.77,1005.61,1052.06,1098.95,1149.01,1173.81,1223.87,1267.16,1295.57,1331.19,1352.84,1352.84
12,2017-07-01 00:00:00 UTC,2017-09-30 00:00:00 UTC,"HMO Silver Classic $2,500/$25/$50/70% ",2500,70%,HMO_Silver_Classic__2_500__25__50_70_.pdf,$25 ,$7/50% up to $125 max per Rx/50% up to $250 max per Rx,7150,$50 ,70% after deductible,70% after deductible,"Independent lab: no chargeFacility-owned lab: no charge","70% after deductible","Independent lab: 70% after deductibleFacility-owned lab: 50% after deductible",$14/50% up to $250 max per Rx/50% up to $500 max per Rx,5000,n/a,n/a,14300,n/a,n/a,"Independent lab: $60Facility-owned lab: $60","Independent lab: $120Facility-owned lab: $120",$50 ,PA,8,208.91,208.91,329,329,329,329,330.32,336.9,344.79,357.62,368.15,373.41,381.31,389.21,394.14,399.41,402.04,404.67,407.3,409.93,415.2,420.46,428.36,435.92,446.45,459.61,475.08,493.5,514.23,537.91,561.27,587.59,613.58,642.21,671.16,702.41,733.67,767.56,801.77,838.29,856.39,892.91,924.49,945.22,971.21,987,987
12,2017-07-01 00:00:00 UTC,2017-09-30 00:00:00 UTC,"HMO Silver Classic $2,750/$30/$60/50%",2750,50%,HMO_Silver_Classic__2_750__30__60_50_.pdf,$30 ,$7/50% up to $125 max per Rx/50% up to $250 max per Rx,7150,$60 ,"50% after deductible","50% after deductible","Independent lab: no chargeFacility-owned lab: no charge","50% after deductible","Independent lab: 50% after deductibleFacility-owned lab: 50% after deductible",$14/50% up to $250 max per Rx/50% up to $500 max per Rx,5500,n/a,n/a,14300,n/a,n/a,"Independent lab: $60Facility-owned lab: $60","Independent lab: $250Facility-owned lab: $250",$60 ,PA,8,198.68,198.68,312.88,312.88,312.88,312.88,314.14,320.39,327.9,340.11,350.12,355.12,362.63,370.14,374.84,379.84,382.34,384.85,387.35,389.85,394.86,399.87,407.38,414.57,424.58,437.1,451.8,469.33,489.04,511.57,533.78,558.81,583.53,610.75,638.28,668.01,697.73,729.96,762.5,797.23,814.44,849.17,879.2,898.92,923.63,938.64,938.64
12,2017-07-01 00:00:00 UTC,2017-09-30 00:00:00 UTC,"HMO Silver Classic $4,250/$40/$80/100% ",4250,100%,HMO_Silver_Classic__4_250__40__80_100_.pdf,$40 ,$7/$60/$150,7150,$80 ,$300 ,$125 ,"Independent lab: no chargeFacility-owned lab: no charge","no charge after deductible","Independent lab: no charge after deductibleFacility-owned lab: 80% after deductible",$14/$120/$300,8500,n/a,n/a,14300,n/a,n/a,"Independent lab: $60Facility-owned lab: $60","Independent lab: $250Facility-owned lab: $250",$80 ,PA,8,202.08,202.08,318.24,318.24,318.24,318.24,319.51,325.88,333.52,345.93,356.11,361.2,368.84,376.48,381.25,386.35,388.89,391.44,393.98,396.53,401.62,406.71,414.35,421.67,431.85,444.58,459.54,477.36,497.41,520.33,542.92,568.38,593.52,621.21,649.21,679.45,709.68,742.46,775.55,810.88,828.38,863.71,894.26,914.31,939.45,954.72,954.72
12,2017-07-01 00:00:00 UTC,2017-09-30 00:00:00 UTC,HMO Silver Proactive,"0 (preferred)5500 (enhanced)5500 (standard)","N/A (preferred)95% (enhanced)90% (standard)",HMO_Silver_Proactive_.pdf,"$30 (preferred)$40 (enhanced)$50 (standard)",$15/50% up to $400 max per Rx/50% up to $500 max per Rx,7150,"$60 (preferred)$80 (enhanced)$100 (standard)",$550 ,$100 ,"Independent lab: no chargeFacility-owned lab: no charge","$500/day ($2500 max); copay waived if readmitted within 10 days of discharge for any condition (preferred)$900/day ($4500 max) after deductible; copay waived if readmitted within 10 days of discharge for any condition (enhanced)$1300/day ($6500 max) after deductible; copay waived if readmitted within 10 days of discharge for any condition (standard)","Independent lab: $250 (preferred)Facility-owned lab: $250 (preferred)Independent lab: $750 after deductible (enhanced)Facility-owned lab: $750 after deductible (enhanced)Independent lab: $1250 after deductible (standard)Facility-owned lab: $1250 after deductible (sandard)",$30/50% up to $800 max per Rx/50% up to $1000 max per Rx,"0 (preferred)11000 (enhanced)11000 (standard)",n/a,n/a,14300,n/a,n/a,"Independent lab: $60Facility-owned lab: $60","Independent lab: $250Facility-owned lab: $250",$60 ,PA,8,167.7,167.7,264.09,264.09,264.09,264.09,265.15,270.43,276.77,287.07,295.52,299.74,306.08,312.42,316.38,320.61,322.72,324.83,326.94,329.06,333.28,337.51,343.85,349.92,358.37,368.93,381.35,396.14,412.77,431.79,450.54,471.67,492.53,515.51,538.75,563.83,588.92,616.12,643.59,672.9,687.43,716.74,742.09,758.73,779.6,792.27,792.27
12,2017-07-01 00:00:00 UTC,2017-09-30 00:00:00 UTC,"HMO Silver Secure $3,500/$40/$80/$600 ",3500,100%,HMO_Silver_Secure__3_500__40__80__600.pdf,$40 ,$7/$60/$150,7150,$80 ,$300 after deductible,$125 after deductible,"Independent lab: no chargeFacility-owned lab: no charge","$600/day ($3000 max); copay waived if readmitted within 10 days of discharge for any condition","Independent lab: $600 after deductibleFacility-owned lab: $600 after deductible",$14/$120/$300,7000,n/a,n/a,14300,n/a,n/a,"Independent lab: $60Facility-owned lab: $60","Independent lab: $250Facility-owned lab: $250",$80 ,PA,8,190.78,190.78,300.44,300.44,300.44,300.44,301.64,307.65,314.86,326.58,336.19,341,348.21,355.42,359.92,364.73,367.14,369.54,371.94,374.35,379.15,383.96,391.17,398.08,407.69,419.71,433.83,450.66,469.58,491.22,512.55,536.58,560.32,586.46,612.89,641.44,669.98,700.92,732.17,765.52,782.04,815.39,844.23,863.16,886.89,901.31,901.31
12,2017-07-01 00:00:00 UTC,2017-09-30 00:00:00 UTC,"PPO Bronze HSA-0 $5,200/50% ",5200,50%,SoldBenefits-HI-PPO-Bronze_HSA-0__5200_50_-.pdf,50% after deductible,$7 after ded/$50 after ded/$100 after ded,6550,50% after deductible,50% after deductible,50% after deductible,"Independent lab: 50% after deductibleFacility-owned lab: 50% after deductible","50% after deductible","Independent lab: 50% after deductibleFacility-owned lab: 50% after deductible",$14 after ded/$100 after ded/$200 after ded,10400,10000,20000,13100,20000,40000,"Independent lab: 50% after deductibleFacility-owned lab: 50% after deductible","Independent lab: 50% after deductibleFacility-owned lab: 50% after deductible",50% after deductible,PA,8,150.73,150.73,237.38,237.38,237.38,237.38,238.32,243.07,248.77,258.03,265.62,269.42,275.12,280.81,284.38,288.17,290.07,291.97,293.87,295.77,299.57,303.37,309.06,314.52,322.12,331.61,342.77,356.06,371.02,388.11,404.96,423.95,442.7,463.36,484.25,506.8,529.35,553.8,578.48,604.83,617.89,644.24,667.02,681.98,700.73,712.13,712.13
12,2017-07-01 00:00:00 UTC,2017-09-30 00:00:00 UTC,"PPO Bronze HSA-0 $6,550/100% ",6550,100%,SoldBenefits-HI-PPO-Bronze_HSA-0__6550_100_-.pdf,100% after deductible,100% after deductible,6550,100% after deductible,100% after deductible,100% after deductible,"Independent lab: 100% after deductibleFacility-owned lab: 100% after deductible","100% after deductible","Independent lab: 100% after deductibleFacility-owned lab: 100% after deductible",100% after deductible,13100,10000,20000,13100,20000,40000,"Independent lab: 100% after deductibleFacility-owned lab: 100% after deductible","Independent lab: 100% after deductibleFacility-owned lab: 100% after deductible",100% after deductible,PA,8,161.51,161.51,254.34,254.34,254.34,254.34,255.36,260.45,266.55,276.47,284.61,288.68,294.79,300.89,304.7,308.77,310.81,312.84,314.88,316.91,320.98,325.05,331.16,337.01,345.15,355.32,367.27,381.52,397.54,415.85,433.91,454.26,474.35,496.48,518.86,543.03,567.19,593.39,619.84,648.07,662.06,690.29,714.71,730.73,750.83,763.02,763.02
12,2017-07-01 00:00:00 UTC,2017-09-30 00:00:00 UTC,"PPO Gold Classic $1,000/$15/$30/80% ",1000,80%,PPO_Gold_Classic__1_000__15__30_80_.pdf,$15 ,$7/$50/$150,5500,$30 ,80% after deductible,80% after deductible,"Independent lab: no chargeFacility-owned lab: 50% after deductible","80% after deductible","Independent lab: 80% after deductibleFacility-owned lab: 60% after deductible",$14/$100/$300,2000,7500,15000,11000,25000,50000,"Independent lab: 80% after deductibleFacility-owned lab: 80% after deductible","Independent lab: 80% after deductibleFacility-owned lab: 80% after deductible",$30 ,PA,8,261.32,261.32,411.53,411.53,411.53,411.53,413.17,421.4,431.28,447.33,460.5,467.08,476.96,486.84,493.01,499.59,502.88,506.18,509.47,512.76,519.35,525.93,535.81,545.27,558.44,574.9,594.24,617.29,643.21,672.84,702.06,734.99,767.5,803.3,839.51,878.61,917.7,960.09,1002.89,1048.57,1071.2,1116.88,1156.39,1182.31,1214.82,1234.58,1234.58
12,2017-07-01 00:00:00 UTC,2017-09-30 00:00:00 UTC,"PPO Gold Classic $2,000/$40/$80/100% ",2000,100%,PPO_Gold_Classic__2_000__40__80_100__.pdf,$40 ,$7/$50/$150,3200,$80 ,$300 ,$125 ,"Independent lab: no chargeFacility-owned lab: 50%","no charge after deductible","Independent lab: no charge after deductibleFacility-owned lab: 80% after deductible",$14/$100/$300,4000,7500,15000,6400,25000,50000,"Independent lab: $70Facility-owned lab: $70","Independent lab: $175Facility-owned lab: $175",$80 ,PA,8,250.62,250.62,394.68,394.68,394.68,394.68,396.25,404.15,413.62,429.01,441.64,447.96,457.43,466.9,472.82,479.14,482.29,485.45,488.61,491.77,498.08,504.4,513.87,522.95,535.58,551.36,569.91,592.01,616.88,645.3,673.32,704.89,736.07,770.41,805.14,842.63,880.13,920.78,961.83,1005.63,1027.34,1071.15,1109.04,1133.9,1165.08,1184.03,1184.03
12,2017-07-01 00:00:00 UTC,2017-09-30 00:00:00 UTC,"PPO Gold HSA-0 $1,900/100% ",1900,100%,SoldBenefits-HI-PPO-Gold_HSA-0__1900_100_-.pdf,no charge after deductible,$7 after ded/$50 after ded/$100 after ded,6550,no charge after deductible,no charge after deductible,no charge after deductible,"Independent lab: no charge after deductibleFacility-owned lab: no charge after deductible","no charge after deductible","Independent lab: no charge after deductibleFacility-owned lab: no charge after deductible",$14 after ded/$100 after ded/$200 after ded,3800,10000,20000,13100,20000,40000,"Independent lab: no charge after deductibleFacility-owned lab: no charge after deductible","Independent lab: no charge after deductibleFacility-owned lab: no charge after deductible",no charge after deductible,PA,8,273.27,273.27,430.34,430.34,430.34,430.34,432.06,440.67,451,467.78,481.55,488.44,498.77,509.1,515.55,522.44,525.88,529.32,532.76,536.21,543.09,549.98,560.31,570.2,583.98,601.19,621.42,645.51,672.63,703.61,734.17,768.59,802.59,840.03,877.9,918.78,959.67,1003.99,1048.75,1096.51,1120.18,1167.95,1209.26,1236.38,1270.37,1291.02,1291.02
12,2017-07-01 00:00:00 UTC,2017-09-30 00:00:00 UTC,"PPO Gold HSA-25 $2,400/100% ",2400,100%,SoldBenefits-HI-PPO-Gold_HSA-25__2400_100_-.pdf,no charge after deductible,$7 after ded/$50 after ded/$100 after ded,6550,no charge after deductible,no charge after deductible,no charge after deductible,"Independent lab: no charge after deductibleFacility-owned lab: no charge after deductible","no charge after deductible","Independent lab: no charge after deductibleFacility-owned lab: no charge after deductible",$14 after ded/$100 after ded/$200 after ded,4800,10000,20000,13100,20000,40000,"Independent lab: no charge after deductibleFacility-owned lab: no charge after deductible","Independent lab: no charge after deductibleFacility-owned lab: no charge after deductible",no charge after deductible,PA,8,251.28,251.28,395.72,395.72,395.72,395.72,397.3,405.22,414.71,430.15,442.81,449.14,458.64,468.14,474.07,480.4,483.57,486.74,489.9,493.07,499.4,505.73,515.23,524.33,536.99,552.82,571.42,593.58,618.51,647,675.1,706.76,738.02,772.44,807.27,844.86,882.45,923.21,964.37,1008.29,1030.06,1073.98,1111.97,1136.9,1168.16,1187.16,1187.16
12,2017-07-01 00:00:00 UTC,2017-09-30 00:00:00 UTC,"PPO Gold HSA-50 $2,650/70% ",2650,70%,SoldBenefits-HI-PPO-Gold_HSA-50__2650_70_-.pdf,70% after deductible,$7 after ded/$50 after ded/$100 after ded,6550,70% after deductible,70% after deductible,70% after deductible,"Independent lab: 70% after deductibleFacility-owned lab: 70% after deductible","70% after deductible","Independent lab: 70% after deductibleFacility-owned lab: 70% after deductible",$14 after ded/$100 after ded/$200 after ded,5300,10000,20000,13100,20000,40000,"Independent lab: 70% after deductibleFacility-owned lab: 70% after deductible","Independent lab: 70% after deductibleFacility-owned lab: 70% after deductible",70% after deductible,PA,8,209.04,209.04,329.19,329.19,329.19,329.19,330.51,337.09,344.99,357.83,368.36,373.63,381.53,389.43,394.37,399.64,402.27,404.9,407.54,410.17,415.44,420.71,428.61,436.18,446.71,459.88,475.35,493.79,514.52,538.23,561.6,587.93,613.94,642.58,671.55,702.82,734.09,768,802.24,838.78,856.88,893.42,925.02,945.76,971.77,987.57,987.57
12,2017-07-01 00:00:00 UTC,2017-09-30 00:00:00 UTC,PPO Gold Preferred $35/$70/$600 ,0,n/a,PPO_Gold_Preferred__35__70__600.pdf,$35 ,$7/$50/$150,6850,$70 ,$450 ,$125 ,"Independent lab: no chargeFacility-owned lab: 50%","$600/day ($3000 max); copay waived if readmitted within 10 days of discharge for any condition","Independent lab: $300Facility-owned lab: $700",$14/$100/$300,0,6000,12000,13700,18000,36000,"Independent lab: $70Facility-owned lab: $70","Independent lab: $175Facility-owned lab: $175",$70 ,PA,8,261.15,261.15,411.26,411.26,411.26,411.26,412.91,421.14,431.01,447.05,460.21,466.79,476.66,486.53,492.7,499.28,502.57,505.86,509.15,512.44,519.02,525.6,535.47,544.93,558.09,574.54,593.87,616.9,642.81,672.42,701.62,734.52,767.01,802.79,838.98,878.05,917.12,959.48,1002.25,1047.9,1070.52,1116.17,1155.65,1181.56,1214.05,1233.78,1233.78
12,2017-07-01 00:00:00 UTC,2017-09-30 00:00:00 UTC,"PPO Platinum HSA-50 $1,600/100% ",1600,100%,SoldBenefits-HI-PPO-Platinum_HSA-50__1600_100_-.pdf,no charge after deductible,$7 after ded/$50 after ded/$100 after ded,6550,no charge after deductible,no charge after deductible,no charge after deductible,"Independent lab: no charge after deductibleFacility-owned lab: no charge after deductible","no charge after deductible","Independent lab: no charge after deductibleFacility-owned lab: no charge after deductible",$14 after ded/$100 after ded/$200 after ded,3200,10000,20000,13100,20000,40000,"Independent lab: no charge after deductibleFacility-owned lab: no charge after deductible","Independent lab: no charge after deductibleFacility-owned lab: no charge after deductible",no charge after deductible,PA,8,284.89,284.89,448.65,448.65,448.65,448.65,450.44,459.42,470.18,487.68,502.04,509.22,519.99,530.75,537.48,544.66,548.25,551.84,555.43,559.02,566.2,573.37,584.14,594.46,608.82,626.76,647.85,672.97,701.24,733.54,765.4,801.29,836.73,875.76,915.25,957.87,1000.49,1046.7,1093.36,1143.16,1167.84,1217.64,1260.71,1288.97,1324.41,1345.95,1345.95
12,2017-07-01 00:00:00 UTC,2017-09-30 00:00:00 UTC,PPO Platinum Preferred $10/$20/$150 ,0,n/a,PPO_Platinum_Preferred__10__20__150.pdf,$10 ,$7/$40/$70,2500,$20 ,$125 ,$70 ,"Independent lab: no chargeFacility-owned lab: 50%","$150/day ($750 max)","Independent lab: $35Facility-owned lab: $155",$14/$80/$140,0,2000,4000,5000,5000,10000,"Independent lab: $70Facility-owned lab: $70","Independent lab: $175Facility-owned lab: $175",$20 ,PA,8,331.19,331.19,521.56,521.56,521.56,521.56,523.65,534.08,546.6,566.94,583.63,591.97,604.49,617.01,624.83,633.17,637.35,641.52,645.69,649.86,658.21,666.55,679.07,691.07,707.76,728.62,753.13,782.34,815.2,852.75,889.78,931.51,972.71,1018.09,1063.98,1113.53,1163.08,1216.8,1271.04,1328.94,1357.62,1415.51,1465.58,1498.44,1539.65,1564.68,1564.68
12,2017-07-01 00:00:00 UTC,2017-09-30 00:00:00 UTC,PPO Platinum Preferred $20/$40/$150 ,0,n/a,PPO_Platinum_Preferred__20__40__150.pdf,$20 ,$7/$45/$75,2000,$40 ,$125 ,$75 ,"Independent lab: no chargeFacility-owned lab: 50%","$150/day ($750 max)","Independent lab: $45Facility-owned lab: $185",$14/$90/$150,0,2000,4000,4000,5000,10000,"Independent lab: $70Facility-owned lab: $70","Independent lab: $175Facility-owned lab: $175",$40 ,PA,8,316.67,316.67,498.69,498.69,498.69,498.69,500.68,510.66,522.63,542.07,558.03,566.01,577.98,589.95,597.43,605.41,609.4,613.39,617.38,621.37,629.34,637.32,649.29,660.76,676.72,696.67,720.11,748.03,779.45,815.36,850.76,890.66,930.05,973.44,1017.32,1064.7,1112.07,1163.44,1215.3,1270.66,1298.09,1353.44,1401.31,1432.73,1472.13,1496.06,1496.06
12,2017-07-01 00:00:00 UTC,2017-09-30 00:00:00 UTC,"PPO Silver Classic $2,500/$30/$60/80% ",2500,80%,PPO_Silver_Classic__2_500__30__60_80_.pdf,$30 ,$7/50% up to $125 max per Rx/50% up to $250 max per Rx,6400,$60 ,80% after deductible,80% after deductible,"Independent lab: no chargeFacility-owned lab: 50% after deductible","80% after deductible","Independent lab: 80% after deductibleFacility-owned lab: 60% after deductible",$14/50% up to $250 max per Rx/50% up to $500 max per Rx,5000,7500,15000,12800,25000,50000,"Independent lab: 80% after deductibleFacility-owned lab: 80% after deductible","Independent lab: 80% after deductibleFacility-owned lab: 80% after deductible",$60 ,PA,8,226.76,226.76,357.1,357.1,357.1,357.1,358.52,365.67,374.24,388.16,399.59,405.3,413.87,422.44,427.8,433.51,436.37,439.23,442.08,444.94,450.65,456.37,464.94,473.15,484.58,498.86,515.65,535.64,558.14,583.85,609.21,637.77,665.98,697.05,728.48,762.4,796.32,833.1,870.24,909.88,929.52,969.16,1003.44,1025.94,1054.15,1071.29,1071.29
12,2017-07-01 00:00:00 UTC,2017-09-30 00:00:00 UTC,"PPO Silver Classic $3,300/$40/$80/100% ",3300,100%,PPO_Silver_Classic__3_300__40__80_100_.pdf,$40 ,$7/$60/$150,6800,$80 ,$300 ,$125 ,"Independent lab: no chargeFacility-owned lab: 50% after deductible","no charge after deductible","Independent lab: no charge after deductibleFacility-owned lab: 80% after deductible",$14/$120/$300,6600,7500,15000,13600,25000,50000,"Independent lab: $60Facility-owned lab: $60","Independent lab: $250Facility-owned lab: $250",$80 ,PA,8,231.24,231.24,364.15,364.15,364.15,364.15,365.61,372.89,381.63,395.83,407.48,413.31,422.05,430.79,436.25,442.08,444.99,447.91,450.82,453.73,459.56,465.38,474.12,482.5,494.15,508.72,525.83,546.23,569.17,595.39,621.24,650.37,679.14,710.82,742.87,777.46,812.06,849.56,887.44,927.86,947.88,988.31,1023.26,1046.21,1074.97,1092.45,1092.45
12,2017-07-01 00:00:00 UTC,2017-09-30 00:00:00 UTC,"PPO Silver HSA-0 $2,100/70% ",2100,70%,SoldBenefits-HI-PPO-Silver_HSA-0__2100_70_-.pdf,70% after deductible,$7 after ded/$50 after ded/$100 after ded,6550,70% after deductible,70% after deductible,70% after deductible,"Independent lab: 70% after deductibleFacility-owned lab: 70% after deductible","70% after deductible","Independent lab: 70% after deductibleFacility-owned lab: 70% after deductible",$14 after ded/$100 after ded/$200 after ded,4200,10000,20000,13100,20000,40000,"Independent lab: 70% after deductibleFacility-owned lab: 70% after deductible","Independent lab: 70% after deductibleFacility-owned lab: 70% after deductible",70% after deductible,PA,8,200.14,200.14,315.18,315.18,315.18,315.18,316.44,322.74,330.31,342.6,352.68,357.73,365.29,372.86,377.58,382.63,385.15,387.67,390.19,392.71,397.75,402.8,410.36,417.61,427.7,440.3,455.12,472.77,492.62,515.32,537.69,562.91,587.81,615.23,642.96,672.9,702.85,735.31,768.09,803.07,820.41,855.39,885.65,905.51,930.4,945.53,945.53
12,2017-07-01 00:00:00 UTC,2017-09-30 00:00:00 UTC,"PPO Silver HSA-0 $2,700/90% ",2700,90%,SoldBenefits-HI-PPO-Silver_HSA-0__2700_90_-.pdf,90% after deductible,$7 after ded/$50 after ded/$100 after ded,6550,90% after deductible,90% after deductible,90% after deductible,"Independent lab: 90% after deductibleFacility-owned lab: 90% after deductible","90% after deductible","Independent lab: 90% after deductibleFacility-owned lab: 90% after deductible",$14 after ded/$100 after ded/$200 after ded,5400,10000,20000,13100,20000,40000,"Independent lab: 90% after deductibleFacility-owned lab: 90% after deductible","Independent lab: 90% after deductibleFacility-owned lab: 90% after deductible",90% after deductible,PA,8,221.76,221.76,349.24,349.24,349.24,349.24,350.63,357.62,366,379.62,390.8,396.38,404.76,413.15,418.38,423.97,426.77,429.56,432.35,435.15,440.74,446.32,454.71,462.74,473.91,487.88,504.3,523.85,545.86,571,595.8,623.74,651.33,681.71,712.44,745.62,778.8,814.77,851.09,889.85,909.06,947.83,981.35,1003.36,1030.94,1047.71,1047.71
12,2017-07-01 00:00:00 UTC,2017-09-30 00:00:00 UTC,"PPO Silver HSA-0 $3,200/100% ",3200,100%,SoldBenefits-HI-PPO-Silver_HSA-0__3200_100_-.pdf,100% after deductible,$7 after ded/$50 after ded/$100 after ded,6550,100% after deductible,100% after deductible,100% after deductible,"Independent lab: 100% after deductibleFacility-owned lab: 100% after deductible","100% after deductible","Independent lab: 100% after deductibleFacility-owned lab: 100% after deductible",$14 after ded/$100 after ded/$200 after ded,6400,10000,20000,13100,20000,40000,"Independent lab: 100% after deductibleFacility-owned lab: 100% after deductible","Independent lab: 100% after deductibleFacility-owned lab: 100% after deductible",100% after deductible,PA,8,246.44,246.44,388.09,388.09,388.09,388.09,389.64,397.4,406.72,421.85,434.27,440.48,449.79,459.11,464.93,471.14,474.24,477.35,480.45,483.56,489.77,495.98,505.29,514.22,526.64,542.16,560.4,582.13,606.58,634.52,662.08,693.13,723.78,757.55,791.7,828.57,865.44,905.41,945.77,988.85,1010.19,1053.27,1090.53,1114.98,1145.64,1164.27,1164.27
12,2017-07-01 00:00:00 UTC,2017-09-30 00:00:00 UTC,"PPO Silver Secure $3,000/$30/$60/$600 ",3000,100%,PPO_Silver_Secure__3_000__30__60__600.pdf,$30 ,$7/$60/$150,7150,$60 ,$300 after deductible,$125 after deductible,"Independent lab: no chargeFacility-owned lab: 50% after deductible","$600/day ($3000 max); copay waived if readmitted within 10 days of discharge for any condition","Independent lab: $600 after deductibleFacility-owned lab: $600 after deductible",$14/$120/$300,6000,7500,15000,14300,25000,50000,"Independent lab: $70 after deductibleFacility-owned lab: $70 after deductible","Independent lab: $175 after deductibleFacility-owned lab: $175 after deductible",$60 ,PA,8,204.98,204.98,322.81,322.81,322.81,322.81,324.1,330.56,338.3,350.89,361.22,366.39,374.14,381.88,386.73,391.89,394.47,397.06,399.64,402.22,407.39,412.55,420.3,427.72,438.05,450.96,466.14,484.21,504.55,527.79,550.71,576.54,602.04,630.12,658.53,689.2,719.86,753.11,786.69,822.52,840.27,876.1,907.09,927.43,952.93,968.43,968.43